<?xml version="1.0" encoding="UTF-8"?>
<project-private xmlns="http://www.netbeans.org/ns/project-private/1">
    <editor-bookmarks xmlns="http://www.netbeans.org/ns/editor-bookmarks/2" lastBookmarkId="0"/>
    <open-files xmlns="http://www.netbeans.org/ns/projectui-open-files/2">
        <group>
            <file>file:/D:/netbeans/tp2epicerie/src/java/Monpackage/ProduitsServelet.java</file>
            <file>file:/D:/netbeans/tp2epicerie/web/login.jsp</file>
            <file>file:/D:/netbeans/tp2epicerie/web/admin.jsp</file>
            <file>file:/D:/netbeans/tp2epicerie/src/java/Monpackage/Panier.java</file>
            <file>file:/D:/netbeans/tp2epicerie/src/java/Monpackage/Produit.java</file>
            <file>file:/D:/netbeans/tp2epicerie/src/java/Monpackage/lesCategories.java</file>
            <file>file:/D:/netbeans/tp2epicerie/web/index.html</file>
        </group>
    </open-files>
</project-private>
